location_id,pickup_count,dropoff_count
236,21934,20609
237,24004,19087
142,14217,14714
239,13263,13171
170,14166,13040
230,13592,12442
161,15264,12357
141,11371,11483
48,10321,11465
238,9923,10934
162,16509,10744
186,11862,10395
234,13616,10272
163,11549,9224
263,7819,8737
79,7413,8644
107,8980,8516
68,8796,7901
164,8368,7795
229,7686,7649
246,6642,7267
262,5635,6794
140,7897,6686
143,5765,6558
249,5912,6530
113,6906,6042
138,14871,5910
100,6575,5828
132,12906,5810
264,6392,5535
90,7687,5510
43,9246,5409
233,5900,5309
231,6562,5277
75,3584,4799
158,3747,4561
137,4752,4556
114,4495,4503
151,4572,4470
50,3458,4328
144,3897,3628
148,2650,3584
166,3428,3415
74,1932,3382
211,3174,3295
13,3971,3109
41,1982,3034
87,3592,2342
4,588,1935
232,553,1927
224,772,1801
24,1507,1709
125,1805,1693
42,886,1634
261,2319,1384
88,2037,1059
33,504,1050
1,43,1041
209,954,978
7,320,930
116,426,922
255,215,889
145,443,877
45,975,874
181,304,872
244,431,830
265,117,802
256,150,653
152,534,650
65,672,640
112,92,602
66,274,596
25,472,562
226,428,551
97,247,498
243,72,460
49,51,448
223,118,435
95,39,378
129,127,372
61,43,359
146,379,354
80,28,335
40,159,333
179,102,315
52,183,301
17,33,275
260,112,262
193,196,254
189,70,248
37,29,239
225,19,224
168,117,218
106,66,215
89,31,201
14,28,181
92,13,179
127,38,172
216,58,164
228,45,163
247,88,157
257,13,152
10,187,148
188,22,147
195,37,147
202,22,147
82,56,146
36,5,142
70,46,131
12,212,130
194,74,129
220,16,127
217,18,119
196,11,112
83,36,102
130,48,98
69,28,97
198,8,97
28,29,88
76,12,86
135,8,85
62,14,83
200,4,81
219,40,80
26,16,80
157,11,80
134,41,77
165,4,77
197,21,76
93,50,75
190,31,73
173,6,72
51,16,70
133,20,70
54,32,68
227,11,67
91,22,67
218,4,66
131,3,66
159,23,64
39,9,64
177,10,63
213,8,62
72,9,61
119,13,60
71,10,59
171,1,58
160,1,57
56,13,57
139,4,56
98,3,56
235,16,56
16,0,55
252,3,55
258,5,53
35,6,53
210,2,53
191,6,53
205,0,52
155,4,52
215,45,52
55,2,50
167,13,49
124,7,48
22,13,48
102,3,48
32,1,44
123,8,44
169,10,42
29,3,42
64,3,42
121,9,42
78,11,41
18,8,40
254,10,40
241,3,39
149,5,39
81,9,37
185,6,35
15,3,34
11,1,34
136,9,34
53,2,34
117,1,34
21,7,34
34,30,33
85,5,33
67,3,33
203,3,31
208,4,31
86,8,31
47,10,30
174,8,30
242,6,30
101,3,29
108,1,29
178,6,29
63,4,29
182,11,29
57,1,29
259,2,28
192,3,28
175,1,26
248,0,24
126,8,24
147,7,23
19,3,23
38,3,23
183,1,22
212,4,22
73,2,21
3,6,21
77,3,21
20,2,20
180,3,19
250,3,18
122,7,18
128,8,17
222,4,17
94,2,17
150,2,15
9,2,15
60,2,14
46,3,13
23,1,13
201,1,12
153,8,12
240,0,12
31,3,9
6,0,8
27,2,7
206,1,6
118,0,6
245,0,6
8,2,5
96,2,5
120,3,5
156,1,5
207,5,4
253,0,4
109,1,4
184,0,3
251,0,3
214,0,3
221,1,3
5,0,3
84,1,3
154,1,2
176,0,2
115,0,2
204,0,2
59,0,1
187,1,1
111,0,1
58,0,1
172,0,1
